証券コード,企業名
7337,株式会社ひろぎんホールディングス
7343,ブロードマインド株式会社
7345,株式会社アイ・パートナーズフィナンシャル
7347,株式会社マーキュリアホールディングス
7350,株式会社おきなわフィナンシャルグループ
7351,株式会社グッドパッチ
7352,株式会社ＴＷＯＳＴＯＮＥ＆Ｓｏｎｓ
7353,ＫＩＹＯラーニング株式会社
7354,株式会社ダイレクトマーケティングミックス
7356,Ｒｅｔｔｙ株式会社
7357,株式会社ジオコード
7358,株式会社ポピンズ
7359,株式会社東京通信グループ
7360,株式会社オンデック
7361,株式会社ヒューマンクリエイションホールディングス
7362,株式会社Ｔ．Ｓ．Ｉ
7363,株式会社ベビーカレンダー
7366,株式会社ＬＩＴＡＬＩＣＯ
7367,株式会社セルム
7368,表示灯株式会社
7369,株式会社メイホーホールディングス
7370,株式会社Ｅｎｊｉｎ
7371,Ｚｅｎｋｅｎ株式会社
7372,株式会社デコルテ・ホールディングス
7373,株式会社アイドマ・ホールディングス
7374,株式会社コンフィデンス・インターワークス
7375,株式会社リファインバースグループ
7376,ＢＣＣ株式会社
7377,ＤＮホールディングス株式会社
7378,株式会社アシロ
7380,株式会社十六フィナンシャルグループ
7381,株式会社ＣＣＩグループ
7383,株式会社ネットプロテクションズホールディングス
7384,株式会社プロクレアホールディングス
7388,株式会社ＦＰパートナー
7389,株式会社あいちフィナンシャルグループ
7399,株式会社ナンシン
7409,ＡｅｒｏＥｄｇｅ株式会社
7412,株式会社アトム
7413,株式会社創健社
7414,小野建株式会社
7416,株式会社はるやまホールディングス
7417,株式会社南陽
7419,株式会社ノジマ
7421,カッパ・クリエイト株式会社
7422,東邦レマック株式会社
7425,初穂商事株式会社
7426,株式会社　山大
7427,エコートレーディング株式会社
7433,伯東株式会社
7434,株式会社オータケ
7435,株式会社ナ・デックス
7438,コンドーテック株式会社
7441,株式会社Ｍｉｓｕｍｉ
7442,中山福株式会社
7443,横浜魚類株式会社
7444,ハリマ共和物産株式会社
7446,東北化学薬品株式会社
7447,ナガイレーベン株式会社
7453,株式会社　良品計画
7456,松田産業株式会社
7458,株式会社第一興商
7459,株式会社メディパルホールディングス
7460,株式会社ヤギ
7461,株式会社キムラ
7462,株式会社ＣＡＰＩＴＡ
7463,株式会社アドヴァン
7464,セフテック株式会社
7466,ＳＰＫ株式会社
7472,株式会社鳥羽洋行
7475,アルビス株式会社
7476,アズワン株式会社
7477,ムラキ株式会社
7480,スズデン株式会社
7481,尾家産業株式会社
7482,株式会社シモジマ
7483,株式会社ドウシシャ
7485,岡谷鋼機株式会社
7486,サンリン株式会社
7487,小津産業株式会社
7488,株式会社ヤガミ
7490,日新商事株式会社
7494,株式会社コナカ
7500,西川計測株式会社
7501,株式会社ティムコ
7502,株式会社プラザホールディングス
7504,株式会社高速
7505,扶桑電通株式会社
7506,株式会社　ハウス　オブ　ローゼ
7508,株式会社Ｇ‐７ホールディングス
7509,アイエーグループ株式会社
7510,株式会社たけびし
7512,イオン北海道株式会社
7513,株式会社コジマ
7514,株式会社　ヒマラヤ
7515,株式会社マルヨシセンター
7516,コーナン商事株式会社
7520,株式会社エコス
7521,株式会社ムサシ
7522,ワタミ株式会社
7523,アールビバン株式会社
7524,マルシェ株式会社
7525,リックス株式会社
7527,株式会社システムソフト
7531,清和中央ホールディングス株式会社
7532,株式会社パン・パシフィック・インターナショナルホールディングス
7537,丸文株式会社
7538,株式会社大水
7539,株式会社アイナボホールディングス
7544,株式会社スリーエフ
7545,株式会社西松屋チェーン
7550,株式会社ゼンショーホールディングス
7551,株式会社ウェッズ
7552,株式会社ハピネット
7554,株式会社幸楽苑
7555,株式会社大田花き
7561,株式会社ハークスレイ
7562,株式会社安楽亭
7564,株式会社ワークマン
7565,萬世電機株式会社
7567,株式会社栄電子
7570,橋本総業ホールディングス株式会社
7571,株式会社ヤマノホールディングス
7575,日本ライフライン株式会社
7578,株式会社ニチリョク
7581,株式会社サイゼリヤ
7585,株式会社かんなん丸
7590,株式会社タカショー
7593,ＶＴホールディングス株式会社
7595,株式会社アルゴグラフィックス
7596,株式会社魚力
7599,株式会社ＩＤＯＭ
7600,株式会社　日本エム・ディ・エム
7601,株式会社ポプラ
7602,株式会社レダックス
7603,ジーイエット株式会社
7604,株式会社　梅の花グループ
7606,株式会社ユナイテッドアローズ
7607,株式会社進和
7608,株式会社エスケイジャパン
7609,ダイトロン株式会社
7610,株式会社テイツー
7611,株式会社ハイデイ日高
7613,シークス株式会社
7614,株式会社オーエムツーネットワーク
7615,株式会社京都きもの友禅ホールディングス
7616,株式会社　コロワイド
7619,田中商事株式会社
7621,株式会社うかい
7624,株式会社ＮａＩＴＯ
7625,株式会社グローバルダイニング
7628,株式会社オーハシテクニカ
7630,株式会社壱番屋
7634,株式会社星医療酸器
7636,株式会社ハンズマン
7637,白銅株式会社
7638,株式会社ＮＥＷ　ＡＲＴ　ＨＯＬＤＩＮＧＳ
7640,株式会社トップカルチャー
7643,株式会社ダイイチ
7646,株式会社ＰＬＡＮＴ
7649,スギホールディングス株式会社
